Workbook

Sheet Project Plate
A1: SLOPE CALCULATION APPLICATION · PROJECT PLATE
A2: FIELD | B2: PROJECT INFORMATION
A3: Project name
A4: Client / owner
A5: Contractor / consultant
A6: Project / contract number
A7: Location / site
A8: Work package / area
A9: Drawing number
A10: Drawing title / description
A11: Revision
A12: Drawing scale
A13: Plot / zone / chainage range
A14: Area (m²)
... A18: Work date
A19: Units | B19: Metres (m), unless noted
A20: Report purpose | B20: Design / setting-out / as-built review

Sheet Slope Summary
A1: SLOPE CALCULATION · SUMMARY & INPUTS
A2: PARAMETER | B2: VALUE | C2: UNIT / NOTES
A3: Start level Y1 | B3: 1.9 | C3: m — enter known start level
A4: End level Y2 | B4: 0.6 | C4: m — enter known end level
A5: Start distance X1 | B5: 0 | C5: m
A6: End distance X2 | B6: 379.29 | C6: m — must be greater than X1
A7: Height difference ΔH | B7: =B4-B3 | C7: m
A8: Horizontal distance ΔX | B8: =B6-B5 | C8: m
A9: Slope per metre | B9: =IFERROR(B7/B8,0) | C9: m/m
A10: Slope percentage | B10: =B9*100 | C10: %
A11: Gradient | B11: =IF(B9=0,"LEVEL","1 : "&TEXT(ABS(1/B9),"0.000")) | C11: Ratio
A12: Direction | B12: =IF(B9<0,"FALLING",IF(B9>0,"RISING","LEVEL")) | C12: Start to end
A13: Chainage interval | B13: 20 | C13: m
A14: Display decimals | B14: 3 | C14: decimal places
A15: Calculation formula | B15: (Y2 − Y1) ÷ (X2 − X1) | C15: Verify input datum and units
A16: Review note | B16: Confirm design criteria and independent check before construction use.

Sheet Chainage Levels
A1: CHAINAGE LEVELS · EXAMPLE SCHEDULE
A2: CHAINAGE | B2: DISTANCE FROM START (m) | C2: LEVEL (m) | D2: CHANGE FROM START (m) | E2: ABSOLUTE DISTANCE (m)
A3: =TEXT(E3,"0+000.000") | B3: =IF(E3="","",E3-'Slope Summary'!B5) | C3: =IF(E3="","",'Slope Summary'!B3+'Slope Summary'!B9*B3) | D3: =IF(C3="","",C3-'Slope Summary'!B3) | E3: =IF(ROW()=3,'Slope Summary'!B5,IF(E2>='Slope Summary'!B6,"",MIN(E2+'Slope Summary'!B13,'Slope Summary'!B6)))
A4: =TEXT(E4,"0+000.000") | B4: =IF(E4="","",E4-'Slope Summary'!B5) | C4: =IF(E4="","",'Slope Summary'!B3+'Slope Summary'!B9*B4) | D4: =IF(C4="","",C4-'Slope Summary'!B3) | E4: =IF(ROW()=3,'Slope Summary'!B5,IF(E3>='Slope Summary'!B6,"",MIN(E3+'Slope Summary'!B13,'Slope Summary'!B6)))
A5: =TEXT(E5,"0+000.000") | B5: =IF(E5="","",E5-'Slope Summary'!B5) | C5: =IF(E5="","",'Slope Summary'!B3+'Slope Summary'!B9*B5) | D5: =IF(C5="","",C5-'Slope Summary'!B3) | E5: =IF(ROW()=3,'Slope Summary'!B5,IF(E4>='Slope Summary'!B6,"",MIN(E4+'Slope Summary'!B13,'Slope Summary'!B6)))
A6: =TEXT(E6,"0+000.000") | B6: =IF(E6="","",E6-'Slope Summary'!B5) | C6: =IF(E6="","",'Slope Summary'!B3+'Slope Summary'!B9*B6) | D6: =IF(C6="","",C6-'Slope Summary'!B3) | E6: =IF(ROW()=3,'Slope Summary'!B5,IF(E5>='Slope Summary'!B6,"",MIN(E5+'Slope Summary'!B13,'Slope Summary'!B6)))
A7: =TEXT(E7,"0+000.000") | B7: =IF(E7="","",E7-'Slope Summary'!B5) | C7: =IF(E7="","",'Slope Summary'!B3+'Slope Summary'!B9*B7) | D7: =IF(C7="","",C7-'Slope Summary'!B3) | E7: =IF(ROW()=3,'Slope Summary'!B5,IF(E6>='Slope Summary'!B6,"",MIN(E6+'Slope Summary'!B13,'Slope Summary'!B6)))
A8: =TEXT(E8,"0+000.000") | B8: =IF(E8="","",E8-'Slope Summary'!B5) | C8: =IF(E8="","",'Slope Summary'!B3+'Slope Summary'!B9*B8) | D8: =IF(C8="","",C8-'Slope Summary'!B3) | E8: =IF(ROW()=3,'Slope Summary'!B5,IF(E7>='Slope Summary'!B6,"",MIN(E7+'Slope Summary'!B13,'Slope Summary'!B6)))
A9: =TEXT(E9,"0+000.000") | B9: =IF(E9="","",E9-'Slope Summary'!B5) | C9: =IF(E9="","",'Slope Summary'!B3+'Slope Summary'!B9*B9) | D9: =IF(C9="","",C9-'Slope Summary'!B3) | E9: =IF(ROW()=3,'Slope Summary'!B5,IF(E8>='Slope Summary'!B6,"",MIN(E8+'Slope Summary'!B13,'Slope Summary'!B6)))
A10: =TEXT(E10,"0+000.000") | B10: =IF(E10="","",E10-'Slope Summary'!B5) | C10: =IF(E10="","",'Slope Summary'!B3+'Slope Summary'!B9*B10) | D10: =IF(C10="","",C10-'Slope Summary'!B3) | E10: =IF(ROW()=3,'Slope Summary'!B5,IF(E9>='Slope Summary'!B6,"",MIN(E9+'Slope Summary'!B13,'Slope Summary'!B6)))
A11: =TEXT(E11,"0+000.000") | B11: =IF(E11="","",E11-'Slope Summary'!B5) | C11: =IF(E11="","",'Slope Summary'!B3+'Slope Summary'!B9*B11) | D11: =IF(C11="","",C11-'Slope Summary'!B3) | E11: =IF(ROW()=3,'Slope Summary'!B5,IF(E10>='Slope Summary'!B6,"",MIN(E10+'Slope Summary'!B13,'Slope Summary'!B6)))
A12: =TEXT(E12,"0+000.000") | B12: =IF(E12="","",E12-'Slope Summary'!B5) | C12: =IF(E12="","",'Slope Summary'!B3+'Slope Summary'!B9*B12) | D12: =IF(C12="","",C12-'Slope Summary'!B3) | E12: =IF(ROW()=3,'Slope Summary'!B5,IF(E11>='Slope Summary'!B6,"",MIN(E11+'Slope Summary'!B13,'Slope Summary'!B6)))
A13: =TEXT(E13,"0+000.000") | B13: =IF(E13="","",E13-'Slope Summary'!B5) | C13: =IF(E13="","",'Slope Summary'!B3+'Slope Summary'!B9*B13) | D13: =IF(C13="","",C13-'Slope Summary'!B3) | E13: =IF(ROW()=3,'Slope Summary'!B5,IF(E12>='Slope Summary'!B6,"",MIN(E12+'Slope Summary'!B13,'Slope Summary'!B6)))
A14: =TEXT(E14,"0+000.000") | B14: =IF(E14="","",E14-'Slope Summary'!B5) | C14: =IF(E14="","",'Slope Summary'!B3+'Slope Summary'!B9*B14) | D14: =IF(C14="","",C14-'Slope Summary'!B3) | E14: =IF(ROW()=3,'Slope Summary'!B5,IF(E13>='Slope Summary'!B6,"",MIN(E13+'Slope Summary'!B13,'Slope Summary'!B6)))
A15: =TEXT(E15,"0+000.000") | B15: =IF(E15="","",E15-'Slope Summary'!B5) | C15: =IF(E15="","",'Slope Summary'!B3+'Slope Summary'!B9*B15) | D15: =IF(C15="","",C15-'Slope Summary'!B3) | E15: =IF(ROW()=3,'Slope Summary'!B5,IF(E14>='Slope Summary'!B6,"",MIN(E14+'Slope Summary'!B13,'Slope Summary'!B6)))
A16: =TEXT(E16,"0+000.000") | B16: =IF(E16="","",E16-'Slope Summary'!B5) | C16: =IF(E16="","",'Slope Summary'!B3+'Slope Summary'!B9*B16) | D16: =IF(C16="","",C16-'Slope Summary'!B3) | E16: =IF(ROW()=3,'Slope Summary'!B5,IF(E15>='Slope Summary'!B6,"",MIN(E15+'Slope Summary'!B13,'Slope Summary'!B6)))
A17: =TEXT(E17,"0+000.000") | B17: =IF(E17="","",E17-'Slope Summary'!B5) | C17: =IF(E17="","",'Slope Summary'!B3+'Slope Summary'!B9*B17) | D17: =IF(C17="","",C17-'Slope Summary'!B3) | E17: =IF(ROW()=3,'Slope Summary'!B5,IF(E16>='Slope Summary'!B6,"",MIN(E16+'Slope Summary'!B13,'Slope Summary'!B6)))
A18: =TEXT(E18,"0+000.000") | B18: =IF(E18="","",E18-'Slope Summary'!B5) | C18: =IF(E18="","",'Slope Summary'!B3+'Slope Summary'!B9*B18) | D18: =IF(C18="","",C18-'Slope Summary'!B3) | E18: =IF(ROW()=3,'Slope Summary'!B5,IF(E17>='Slope Summary'!B6,"",MIN(E17+'Slope Summary'!B13,'Slope Summary'!B6)))
A19: =TEXT(E19,"0+000.000") | B19: =IF(E19="","",E19-'Slope Summary'!B5) | C19: =IF(E19="","",'Slope Summary'!B3+'Slope Summary'!B9*B19) | D19: =IF(C19="","",C19-'Slope Summary'!B3) | E19: =IF(ROW()=3,'Slope Summary'!B5,IF(E18>='Slope Summary'!B6,"",MIN(E18+'Slope Summary'!B13,'Slope Summary'!B6)))
A20: =TEXT(E20,"0+000.000") | B20: =IF(E20="","",E20-'Slope Summary'!B5) | C20: =IF(E20="","",'Slope Summary'!B3+'Slope Summary'!B9*B20) | D20: =IF(C20="","",C20-'Slope Summary'!B3) | E20: =IF(ROW()=3,'Slope Summary'!B5,IF(E19>='Slope Summary'!B6,"",MIN(E19+'Slope Summary'!B13,'Slope Summary'!B6)))
A21: =TEXT(E21,"0+000.000") | B21: =IF(E21="","",E21-'Slope Summary'!B5) | C21: =IF(E21="","",'Slope Summary'!B3+'Slope Summary'!B9*B21) | D21: =IF(C21="","",C21-'Slope Summary'!B3) | E21: =IF(ROW()=3,'Slope Summary'!B5,IF(E20>='Slope Summary'!B6,"",MIN(E20+'Slope Summary'!B13,'Slope Summary'!B6)))
A22: =TEXT(E22,"0+000.000") | B22: =IF(E22="","",E22-'Slope Summary'!B5) | C22: =IF(E22="","",'Slope Summary'!B3+'Slope Summary'!B9*B22) | D22: =IF(C22="","",C22-'Slope Summary'!B3) | E22: =IF(ROW()=3,'Slope Summary'!B5,IF(E21>='Slope Summary'!B6,"",MIN(E21+'Slope Summary'!B13,'Slope Summary'!B6)))
A23: =TEXT(E23,"0+000.000") | B23: =IF(E23="","",E23-'Slope Summary'!B5) | C23: =IF(E23="","",'Slope Summary'!B3+'Slope Summary'!B9*B23) | D23: =IF(C23="","",C23-'Slope Summary'!B3) | E23: =IF(ROW()=3,'Slope Summary'!B5,IF(E22>='Slope Summary'!B6,"",MIN(E22+'Slope Summary'!B13,'Slope Summary'!B6)))
A24: =TEXT(E24,"0+000.000") | B24: =IF(E24="","",E24-'Slope Summary'!B5) | C24: =IF(E24="","",'Slope Summary'!B3+'Slope Summary'!B9*B24) | D24: =IF(C24="","",C24-'Slope Summary'!B3) | E24: =IF(ROW()=3,'Slope Summary'!B5,IF(E23>='Slope Summary'!B6,"",MIN(E23+'Slope Summary'!B13,'Slope Summary'!B6)))
A25: =TEXT(E25,"0+000.000") | B25: =IF(E25="","",E25-'Slope Summary'!B5) | C25: =IF(E25="","",'Slope Summary'!B3+'Slope Summary'!B9*B25) | D25: =IF(C25="","",C25-'Slope Summary'!B3) | E25: =IF(ROW()=3,'Slope Summary'!B5,IF(E24>='Slope Summary'!B6,"",MIN(E24+'Slope Summary'!B13,'Slope Summary'!B6)))
A26: =TEXT(E26,"0+000.000") | B26: =IF(E26="","",E26-'Slope Summary'!B5) | C26: =IF(E26="","",'Slope Summary'!B3+'Slope Summary'!B9*B26) | D26: =IF(C26="","",C26-'Slope Summary'!B3) | E26: =IF(ROW()=3,'Slope Summary'!B5,IF(E25>='Slope Summary'!B6,"",MIN(E25+'Slope Summary'!B13,'Slope Summary'!B6)))
A27: =TEXT(E27,"0+000.000") | B27: =IF(E27="","",E27-'Slope Summary'!B5) | C27: =IF(E27="","",'Slope Summary'!B3+'Slope Summary'!B9*B27) | D27: =IF(C27="","",C27-'Slope Summary'!B3) | E27: =IF(ROW()=3,'Slope Summary'!B5,IF(E26>='Slope Summary'!B6,"",MIN(E26+'Slope Summary'!B13,'Slope Summary'!B6)))

Sheet Crossfall
A1: CROSS-FALL / CENTRELINE OFFSET
A2: PARAMETER | B2: VALUE | C2: UNIT / NOTES
A3: Centreline level | B3: 10 | C3: m
A4: Left slope | B4: 2 | C4: %
A5: Left offset distance | B5: 3.5 | C5: m
A6: Left direction | B6: -1 | C6: -1 fall away; +1 rise away
A7: Calculated left level | B7: =B3+B6*B5*ABS(B4)/100 | C7: m
A8: Left level difference | B8: =B7-B3 | C8: m
A9: Right slope | B9: 2.5 | C9: %
A10: Right offset distance | B10: 3.5 | C10: m
A11: Right direction | B11: -1 | C11: -1 fall away; +1 rise away
A12: Calculated right level | B12: =B3+B11*B10*ABS(B9)/100 | C12: m
A13: Right level difference | B13: =B12-B3 | C13: m
A14: Formula | B14: Level = CL + direction × distance × |slope %| ÷ 100

Sheet QA QC Checklist
A1: SURVEY CALCULATION · QA / QC REVIEW
A2: CHECK ITEM | B2: STATUS | C2: REVIEW NOTES / EVIDENCE
A3: Project name, drawing number and revision confirmed | B3: Not checked
A4: Start and end levels checked against approved source | B4: Not checked
A5: Units and vertical datum confirmed | B5: Not checked
A6: Start and end distances / chainages verified | B6: Not checked
A7: Slope direction and percentage checked independently | B7: Not checked
A8: Station interval and end station checked | B8: Not checked
A9: Crossfall left/right directions verified | B9: Not checked
A10: Project area / zone information confirmed if applicable | B10: Not checked
A11: Excel results compared with an independent calculation | B11: Not checked
A12: Prepared / checked fields completed | B12: Not checked
A13: Report reviewed and approved before construction use | B13: Not checked
